"icao","counts","latitude","longitude"
"enor",1,63,0
"enor",2,63,4
"enor",3,64,5.01472
"enor",4,65.1333,6.26667
"enor",5,65.6183,6.84056
"enor",6,65.75,7
"enor",7,66.2111,7.70778
"enor",8,67.25,9.4225
"enor",9,70,15
"enor",10,70.4756,17.9881
"enor",11,71.3333,25
"enor",12,71.3333,28
"enor",13,71,30
"enor",14,70.3667,31.7167
"enor",15,70,31.1333
"enor",16,69.7947,30.8178
"enor",17,69.7946,30.8177
"enor",18,69.7944,30.8174
"enor",19,69.7912,30.8213
"enor",20,69.7886,30.8215
"enor",21,69.7871,30.8224
"enor",22,69.7859,30.8239
"enor",23,69.7849,30.8266
"enor",24,69.7836,30.8292
"enor",25,69.7823,30.8297
"enor",26,69.7814,30.8319
"enor",27,69.7799,30.8382
"enor",28,69.7789,30.841
"enor",29,69.7778,30.8421
"enor",30,69.7767,30.8416
"enor",31,69.7756,30.8399
"enor",32,69.7733,30.84
"enor",33,69.7725,30.8405
"enor",34,69.7719,30.8419
"enor",35,69.7713,30.8459
"enor",36,69.771,30.8464
"enor",37,69.7708,30.8467
"enor",38,69.77,30.8462
"enor",39,69.7693,30.8469
"enor",40,69.7691,30.8483
"enor",41,69.7695,30.8515
"enor",42,69.7695,30.8524
"enor",43,69.7693,30.8529
"enor",44,69.7686,30.8528
"enor",45,69.7663,30.8504
"enor",46,69.7658,30.8506
"enor",47,69.7649,30.8529
"enor",48,69.7646,30.8531
"enor",49,69.7634,30.8528
"enor",50,69.7618,30.8505
"enor",51,69.761,30.8508
"enor",52,69.7605,30.8524
"enor",53,69.7604,30.8549
"enor",54,69.7606,30.8552
"enor",55,69.7622,30.8553
"enor",56,69.7628,30.8564
"enor",57,69.763,30.8575
"enor",58,69.763,30.859
"enor",59,69.7626,30.8605
"enor",60,69.7622,30.8612
"enor",61,69.7601,30.8638
"enor",62,69.7585,30.8668
"enor",63,69.758,30.8669
"enor",64,69.7577,30.8664
"enor",65,69.7562,30.8623
"enor",66,69.7538,30.8611
"enor",67,69.7529,30.8614
"enor",68,69.7523,30.8627
"enor",69,69.7523,30.8637
"enor",70,69.7524,30.8659
"enor",71,69.7527,30.8666
"enor",72,69.7536,30.8672
"enor",73,69.7556,30.8668
"enor",74,69.7561,30.8675
"enor",75,69.7562,30.8703
"enor",76,69.756,30.8715
"enor",77,69.7556,30.8722
"enor",78,69.7549,30.8721
"enor",79,69.7537,30.8698
"enor",80,69.7533,30.8698
"enor",81,69.7526,30.8707
"enor",82,69.751,30.8764
"enor",83,69.7505,30.8772
"enor",84,69.7501,30.8767
"enor",85,69.7501,30.8754
"enor",86,69.7502,30.8746
"enor",87,69.7514,30.8728
"enor",88,69.7516,30.8713
"enor",89,69.7516,30.8692
"enor",90,69.7512,30.868
"enor",91,69.7507,30.868
"enor",92,69.7497,30.8702
"enor",93,69.7489,30.871
"enor",94,69.7475,30.8712
"enor",95,69.7465,30.8698
"enor",96,69.7461,30.8699
"enor",97,69.7451,30.8724
"enor",98,69.7445,30.8734
"enor",99,69.7436,30.8735
"enor",100,69.7416,30.8727
"enor",101,69.7412,30.8748
"enor",102,69.7413,30.8753
"enor",103,69.7418,30.8758
"enor",104,69.7419,30.8766
"enor",105,69.7418,30.8776
"enor",106,69.7404,30.8795
"enor",107,69.7387,30.8787
"enor",108,69.7379,30.8794
"enor",109,69.7377,30.8802
"enor",110,69.7377,30.8818
"enor",111,69.7388,30.8834
"enor",112,69.7389,30.8861
"enor",113,69.7384,30.8882
"enor",114,69.7377,30.8897
"enor",115,69.7371,30.8904
"enor",116,69.7367,30.89
"enor",117,69.7357,30.8883
"enor",118,69.7353,30.8883
"enor",119,69.735,30.8891
"enor",120,69.7349,30.8903
"enor",121,69.734,30.8917
"enor",122,69.7322,30.8907
"enor",123,69.7315,30.8892
"enor",124,69.7313,30.8859
"enor",125,69.731,30.8853
"enor",126,69.7305,30.8856
"enor",127,69.7301,30.8866
"enor",128,69.7296,30.8901
"enor",129,69.7296,30.8919
"enor",130,69.7292,30.893
"enor",131,69.7286,30.8927
"enor",132,69.7284,30.8922
"enor",133,69.7282,30.8909
"enor",134,69.7278,30.8902
"enor",135,69.725,30.888
"enor",136,69.7237,30.8882
"enor",137,69.7218,30.8904
"enor",138,69.7215,30.8904
"enor",139,69.7212,30.8895
"enor",140,69.7205,30.8905
"enor",141,69.7198,30.8906
"enor",142,69.7195,30.8896
"enor",143,69.7192,30.8871
"enor",144,69.719,30.8866
"enor",145,69.7178,30.8845
"enor",146,69.7176,30.8836
"enor",147,69.7177,30.8825
"enor",148,69.7184,30.8808
"enor",149,69.7186,30.8788
"enor",150,69.7185,30.878
"enor",151,69.7174,30.8775
"enor",152,69.717,30.8767
"enor",153,69.7162,30.8742
"enor",154,69.7151,30.8738
"enor",155,69.7147,30.8742
"enor",156,69.7141,30.8754
"enor",157,69.7133,30.8793
"enor",158,69.7127,30.881
"enor",159,69.7121,30.8813
"enor",160,69.7113,30.881
"enor",161,69.7097,30.8816
"enor",162,69.7092,30.8825
"enor",163,69.7083,30.8852
"enor",164,69.7068,30.8861
"enor",165,69.7066,30.8876
"enor",166,69.7066,30.8904
"enor",167,69.7049,30.8929
"enor",168,69.7044,30.8941
"enor",169,69.7042,30.8989
"enor",170,69.7034,30.8994
"enor",171,69.7029,30.8979
"enor",172,69.7026,30.8956
"enor",173,69.7027,30.8946
"enor",174,69.7032,30.8925
"enor",175,69.703,30.8912
"enor",176,69.7024,30.8907
"enor",177,69.7014,30.8912
"enor",178,69.6998,30.8949
"enor",179,69.6996,30.8964
"enor",180,69.6998,30.8976
"enor",181,69.7014,30.8987
"enor",182,69.7016,30.8995
"enor",183,69.7017,30.9023
"enor",184,69.7008,30.9059
"enor",185,69.7008,30.9077
"enor",186,69.7005,30.9088
"enor",187,69.7,30.9094
"enor",188,69.6987,30.909
"enor",189,69.698,30.9096
"enor",190,69.697,30.9125
"enor",191,69.6962,30.9155
"enor",192,69.6953,30.9172
"enor",193,69.6949,30.9192
"enor",194,69.6944,30.9198
"enor",195,69.6935,30.9195
"enor",196,69.6929,30.9177
"enor",197,69.6923,30.9167
"enor",198,69.6912,30.9164
"enor",199,69.6909,30.9178
"enor",200,69.6912,30.9226
"enor",201,69.6908,30.9239
"enor",202,69.6902,30.9247
"enor",203,69.6892,30.9254
"enor",204,69.6882,30.9272
"enor",205,69.6872,30.9282
"enor",206,69.6857,30.9283
"enor",207,69.6848,30.93
"enor",208,69.6848,30.931
"enor",209,69.6852,30.9321
"enor",210,69.6867,30.9345
"enor",211,69.687,30.9365
"enor",212,69.6864,30.9367
"enor",213,69.6856,30.9356
"enor",214,69.6853,30.9368
"enor",215,69.6853,30.9399
"enor",216,69.6852,30.941
"enor",217,69.6831,30.9451
"enor",218,69.6825,30.9444
"enor",219,69.6821,30.9429
"enor",220,69.6811,30.9425
"enor",221,69.6808,30.9424
"enor",222,69.6805,30.9426
"enor",223,69.6793,30.9454
"enor",224,69.6778,30.9459
"enor",225,69.6773,30.9455
"enor",226,69.677,30.9441
"enor",227,69.6763,30.9421
"enor",228,69.6757,30.9421
"enor",229,69.6752,30.9429
"enor",230,69.6749,30.9457
"enor",231,69.6744,30.9464
"enor",232,69.6739,30.9446
"enor",233,69.6739,30.9409
"enor",234,69.6742,30.9396
"enor",235,69.6752,30.9391
"enor",236,69.6757,30.9383
"enor",237,69.6764,30.9358
"enor",238,69.6763,30.9344
"enor",239,69.6757,30.9336
"enor",240,69.6751,30.934
"enor",241,69.6749,30.9355
"enor",242,69.6741,30.9367
"enor",243,69.6736,30.9352
"enor",244,69.6735,30.9339
"enor",245,69.6747,30.9292
"enor",246,69.6746,30.928
"enor",247,69.6739,30.9281
"enor",248,69.6717,30.925
"enor",249,69.6689,30.9229
"enor",250,69.6687,30.9229
"enor",251,69.668,30.9238
"enor",252,69.6669,30.9241
"enor",253,69.6656,30.926
"enor",254,69.665,30.9261
"enor",255,69.6642,30.9254
"enor",256,69.664,30.926
"enor",257,69.6641,30.9277
"enor",258,69.6639,30.929
"enor",259,69.6631,30.9302
"enor",260,69.6623,30.931
"enor",261,69.6601,30.9303
"enor",262,69.6596,30.9306
"enor",263,69.6584,30.9297
"enor",264,69.6576,30.9297
"enor",265,69.6571,30.9299
"enor",266,69.6566,30.931
"enor",267,69.6557,30.9312
"enor",268,69.6549,30.9329
"enor",269,69.6537,30.9344
"enor",270,69.6527,30.9341
"enor",271,69.6524,30.9336
"enor",272,69.6515,30.9337
"enor",273,69.6503,30.9329
"enor",274,69.6476,30.934
"enor",275,69.6469,30.935
"enor",276,69.6465,30.9373
"enor",277,69.6466,30.9394
"enor",278,69.6448,30.9401
"enor",279,69.6437,30.9392
"enor",280,69.6431,30.9403
"enor",281,69.6424,30.9429
"enor",282,69.6411,30.9433
"enor",283,69.6401,30.9456
"enor",284,69.64,30.9481
"enor",285,69.6399,30.9485
"enor",286,69.6391,30.9486
"enor",287,69.6388,30.9492
"enor",288,69.6384,30.9517
"enor",289,69.6381,30.9525
"enor",290,69.6374,30.9526
"enor",291,69.6348,30.9514
"enor",292,69.6343,30.9516
"enor",293,69.6332,30.9537
"enor",294,69.6324,30.9544
"enor",295,69.6303,30.9538
"enor",296,69.6287,30.9543
"enor",297,69.6283,30.9526
"enor",298,69.6278,30.9516
"enor",299,69.6264,30.9525
"enor",300,69.6251,30.9511
"enor",301,69.6236,30.952
"enor",302,69.6228,30.9502
"enor",303,69.622,30.9503
"enor",304,69.6188,30.9492
"enor",305,69.6181,30.9491
"enor",306,69.6174,30.9497
"enor",307,69.6154,30.9523
"enor",308,69.614,30.953
"enor",309,69.6128,30.9521
"enor",310,69.6109,30.9521
"enor",311,69.61,30.9499
"enor",312,69.6085,30.9481
"enor",313,69.6056,30.9482
"enor",314,69.6042,30.9492
"enor",315,69.6019,30.9495
"enor",316,69.6009,30.9488
"enor",317,69.6002,30.9474
"enor",318,69.5985,30.941
"enor",319,69.5965,30.9388
"enor",320,69.5944,30.9399
"enor",321,69.5934,30.9423
"enor",322,69.5925,30.9465
"enor",323,69.5906,30.9475
"enor",324,69.5878,30.9461
"enor",325,69.5862,30.9463
"enor",326,69.5853,30.9455
"enor",327,69.5834,30.9451
"enor",328,69.5815,30.9431
"enor",329,69.5806,30.9449
"enor",330,69.578,30.9444
"enor",331,69.5773,30.9465
"enor",332,69.5761,30.9469
"enor",333,69.5752,30.9456
"enor",334,69.5747,30.9434
"enor",335,69.5738,30.9411
"enor",336,69.5723,30.9391
"enor",337,69.5711,30.9387
"enor",338,69.5694,30.9397
"enor",339,69.568,30.9395
"enor",340,69.5663,30.9381
"enor",341,69.5628,30.9395
"enor",342,69.5607,30.9388
"enor",343,69.56,30.9329
"enor",344,69.5592,30.9318
"enor",345,69.5591,30.9313
"enor",346,69.5591,30.9301
"enor",347,69.5588,30.9291
"enor",348,69.5571,30.9276
"enor",349,69.5563,30.9251
"enor",350,69.5564,30.9234
"enor",351,69.5555,30.9219
"enor",352,69.5555,30.9198
"enor",353,69.5549,30.9168
"enor",354,69.5543,30.917
"enor",355,69.5536,30.916
"enor",356,69.5528,30.9107
"enor",357,69.5528,30.907
"enor",358,69.5523,30.9009
"enor",359,69.5521,30.8998
"enor",360,69.5516,30.899
"enor",361,69.5504,30.896
"enor",362,69.5495,30.8907
"enor",363,69.5488,30.8894
"enor",364,69.5468,30.8884
"enor",365,69.5462,30.8873
"enor",366,69.5426,30.8768
"enor",367,69.5424,30.8746
"enor",368,69.542,30.8719
"enor",369,69.5398,30.8682
"enor",370,69.5397,30.8677
"enor",371,69.54,30.8659
"enor",372,69.5399,30.865
"enor",373,69.5378,30.8623
"enor",374,69.5374,30.8612
"enor",375,69.5374,30.8604
"enor",376,69.537,30.8583
"enor",377,69.5367,30.853
"enor",378,69.5363,30.8514
"enor",379,69.5364,30.8487
"enor",380,69.5354,30.8449
"enor",381,69.5353,30.8416
"enor",382,69.535,30.8392
"enor",383,69.5342,30.8374
"enor",384,69.5339,30.8374
"enor",385,69.5338,30.8364
"enor",386,69.5332,30.8355
"enor",387,69.5314,30.8302
"enor",388,69.5313,30.8279
"enor",389,69.5309,30.827
"enor",390,69.531,30.8244
"enor",391,69.5313,30.8234
"enor",392,69.5312,30.8227
"enor",393,69.5307,30.823
"enor",394,69.5304,30.8227
"enor",395,69.5301,30.8213
"enor",396,69.5301,30.8202
"enor",397,69.5296,30.8193
"enor",398,69.5293,30.8181
"enor",399,69.5291,30.8177
"enor",400,69.5288,30.8181
"enor",401,69.5287,30.8175
"enor",402,69.5286,30.8164
"enor",403,69.5289,30.8151
"enor",404,69.5286,30.8121
"enor",405,69.5289,30.8083
"enor",406,69.5291,30.8056
"enor",407,69.5287,30.8044
"enor",408,69.5289,30.8024
"enor",409,69.53,30.7979
"enor",410,69.531,30.7958
"enor",411,69.5314,30.7943
"enor",412,69.5319,30.7898
"enor",413,69.5323,30.7874
"enor",414,69.532,30.783
"enor",415,69.5318,30.7822
"enor",416,69.5319,30.7769
"enor",417,69.5316,30.7731
"enor",418,69.5317,30.7707
"enor",419,69.5321,30.7683
"enor",420,69.5326,30.7631
"enor",421,69.5331,30.762
"enor",422,69.5335,30.7607
"enor",423,69.5335,30.76
"enor",424,69.5331,30.7572
"enor",425,69.5331,30.756
"enor",426,69.5333,30.7507
"enor",427,69.5332,30.7468
"enor",428,69.5331,30.746
"enor",429,69.5406,30.6642
"enor",430,69.5413,30.6185
"enor",431,69.5417,30.5832
"enor",432,69.5421,30.5661
"enor",433,69.5419,30.559
"enor",434,69.5414,30.55
"enor",435,69.5411,30.5334
"enor",436,69.5406,30.5251
"enor",437,69.5403,30.5155
"enor",438,69.5478,30.5076
"enor",439,69.5597,30.4815
"enor",440,69.5634,30.4741
"enor",441,69.5898,30.4178
"enor",442,69.6021,30.3815
"enor",443,69.6288,30.3036
"enor",444,69.653,30.2238
"enor",445,69.6692,30.1511
"enor",446,69.6637,30.1116
"enor",447,69.6581,30.0853
"enor",448,69.6428,30.091
"enor",449,69.6434,30.1373
"enor",450,69.6326,30.1452
"enor",451,69.6312,30.1455
"enor",452,69.6288,30.148
"enor",453,69.6245,30.1488
"enor",454,69.6205,30.1509
"enor",455,69.6186,30.1512
"enor",456,69.6174,30.1506
"enor",457,69.6154,30.1504
"enor",458,69.6128,30.1531
"enor",459,69.6115,30.1527
"enor",460,69.6105,30.1518
"enor",461,69.6088,30.1517
"enor",462,69.6079,30.1529
"enor",463,69.6077,30.1546
"enor",464,69.6068,30.157
"enor",465,69.6057,30.158
"enor",466,69.5992,30.1599
"enor",467,69.5963,30.162
"enor",468,69.5926,30.1655
"enor",469,69.589,30.171
"enor",470,69.5871,30.1771
"enor",471,69.5861,30.1791
"enor",472,69.5851,30.1799
"enor",473,69.5835,30.1799
"enor",474,69.5798,30.1784
"enor",475,69.5783,30.1791
"enor",476,69.5733,30.1844
"enor",477,69.5706,30.1867
"enor",478,69.5664,30.1881
"enor",479,69.5636,30.1877
"enor",480,69.5626,30.1866
"enor",481,69.5602,30.1822
"enor",482,69.5587,30.1809
"enor",483,69.5575,30.1807
"enor",484,69.5562,30.1813
"enor",485,69.5524,30.1853
"enor",486,69.5511,30.1857
"enor",487,69.5499,30.1853
"enor",488,69.5486,30.1843
"enor",489,69.5463,30.1812
"enor",490,69.545,30.1799
"enor",491,69.5397,30.1788
"enor",492,69.5384,30.1781
"enor",493,69.537,30.177
"enor",494,69.5346,30.1742
"enor",495,69.5327,30.1709
"enor",496,69.5333,30.1651
"enor",497,69.5334,30.1611
"enor",498,69.5326,30.1585
"enor",499,69.5313,30.1528
"enor",500,69.5304,30.1498
"enor",501,69.5295,30.1474
"enor",502,69.5276,30.1454
"enor",503,69.5263,30.1434
"enor",504,69.5252,30.1409
"enor",505,69.524,30.1336
"enor",506,69.5232,30.1311
"enor",507,69.5198,30.1257
"enor",508,69.5159,30.1217
"enor",509,69.5117,30.1192
"enor",510,69.5079,30.1179
"enor",511,69.5038,30.1175
"enor",512,69.503,30.117
"enor",513,69.5007,30.1169
"enor",514,69.4994,30.1162
"enor",515,69.494,30.1167
"enor",516,69.4839,30.1141
"enor",517,69.4801,30.1125
"enor",518,69.4787,30.1125
"enor",519,69.4773,30.1131
"enor",520,69.4752,30.1144
"enor",521,69.4716,30.1176
"enor",522,69.4691,30.1153
"enor",523,69.4668,30.1119
"enor",524,69.4657,30.1095
"enor",525,69.4539,30.0771
"enor",526,69.4477,30.0687
"enor",527,69.4466,30.067
"enor",528,69.4454,30.0646
"enor",529,69.4444,30.0631
"enor",530,69.4419,30.06
"enor",531,69.4345,30.0519
"enor",532,69.431,30.0469
"enor",533,69.4264,30.0383
"enor",534,69.4233,30.0316
"enor",535,69.4196,30.0213
"enor",536,69.4169,30.0133
"enor",537,69.4153,30.007
"enor",538,69.414,30
"enor",539,69.4138,29.999
"enor",540,69.4129,29.9963
"enor",541,69.4114,29.9893
"enor",542,69.4078,29.9701
"enor",543,69.4064,29.9599
"enor",544,69.4053,29.9493
"enor",545,69.4053,29.9447
"enor",546,69.4054,29.9414
"enor",547,69.406,29.9378
"enor",548,69.407,29.9349
"enor",549,69.4082,29.933
"enor",550,69.4108,29.9333
"enor",551,69.412,29.933
"enor",552,69.413,29.9323
"enor",553,69.4146,29.9287
"enor",554,69.4168,29.9202
"enor",555,69.4179,29.9179
"enor",556,69.4186,29.9152
"enor",557,69.4184,29.9113
"enor",558,69.4178,29.904
"enor",559,69.4182,29.9003
"enor",560,69.4197,29.8943
"enor",561,69.4225,29.8818
"enor",562,69.4238,29.8713
"enor",563,69.4241,29.8679
"enor",564,69.4239,29.8612
"enor",565,69.4231,29.8531
"enor",566,69.4217,29.8462
"enor",567,69.4205,29.8419
"enor",568,69.4173,29.8363
"enor",569,69.4155,29.8299
"enor",570,69.4138,29.8248
"enor",571,69.4118,29.8141
"enor",572,69.4095,29.8094
"enor",573,69.4087,29.8066
"enor",574,69.4072,29.7998
"enor",575,69.4062,29.7969
"enor",576,69.4035,29.7958
"enor",577,69.4023,29.7945
"enor",578,69.3999,29.7915
"enor",579,69.3987,29.7894
"enor",580,69.3976,29.7868
"enor",581,69.3979,29.783
"enor",582,69.3979,29.7787
"enor",583,69.3956,29.7752
"enor",584,69.3947,29.7724
"enor",585,69.394,29.7654
"enor",586,69.3939,29.7611
"enor",587,69.394,29.757
"enor",588,69.3917,29.7485
"enor",589,69.3911,29.7443
"enor",590,69.391,29.7411
"enor",591,69.391,29.7338
"enor",592,69.3901,29.726
"enor",593,69.3892,29.7227
"enor",594,69.3865,29.7205
"enor",595,69.3853,29.7175
"enor",596,69.3843,29.7129
"enor",597,69.3837,29.7117
"enor",598,69.3821,29.7119
"enor",599,69.3808,29.7128
"enor",600,69.3794,29.7124
"enor",601,69.3782,29.7104
"enor",602,69.3766,29.7049
"enor",603,69.3742,29.7011
"enor",604,69.3715,29.6979
"enor",605,69.3699,29.6968
"enor",606,69.3672,29.6976
"enor",607,69.3661,29.6972
"enor",608,69.3644,29.6959
"enor",609,69.3633,29.6943
"enor",610,69.3613,29.6895
"enor",611,69.3583,29.6814
"enor",612,69.3565,29.676
"enor",613,69.3556,29.673
"enor",614,69.3519,29.6621
"enor",615,69.3503,29.6567
"enor",616,69.3483,29.6476
"enor",617,69.3474,29.6438
"enor",618,69.3446,29.6362
"enor",619,69.3436,29.6341
"enor",620,69.34,29.6298
"enor",621,69.3387,29.6276
"enor",622,69.335,29.6175
"enor",623,69.3306,29.6028
"enor",624,69.3246,29.5889
"enor",625,69.3229,29.5837
"enor",626,69.3191,29.5752
"enor",627,69.3178,29.5707
"enor",628,69.3167,29.5645
"enor",629,69.3163,29.5539
"enor",630,69.3163,29.5454
"enor",631,69.3166,29.5416
"enor",632,69.3172,29.5385
"enor",633,69.318,29.5354
"enor",634,69.3191,29.5331
"enor",635,69.3202,29.5314
"enor",636,69.323,29.5283
"enor",637,69.3282,29.5274
"enor",638,69.3289,29.5234
"enor",639,69.329,29.5212
"enor",640,69.3278,29.5186
"enor",641,69.3272,29.5153
"enor",642,69.3272,29.5138
"enor",643,69.3272,29.5126
"enor",644,69.3283,29.5091
"enor",645,69.3287,29.5056
"enor",646,69.3277,29.5031
"enor",647,69.3253,29.4996
"enor",648,69.3244,29.4972
"enor",649,69.3222,29.4879
"enor",650,69.3219,29.4855
"enor",651,69.322,29.4752
"enor",652,69.3215,29.4628
"enor",653,69.321,29.4595
"enor",654,69.3209,29.4564
"enor",655,69.321,29.4523
"enor",656,69.3214,29.445
"enor",657,69.3214,29.4411
"enor",658,69.3207,29.4296
"enor",659,69.3191,29.4211
"enor",660,69.3187,29.4177
"enor",661,69.3185,29.4136
"enor",662,69.319,29.4104
"enor",663,69.3208,29.4062
"enor",664,69.3224,29.398
"enor",665,69.3225,29.3957
"enor",666,69.3222,29.3918
"enor",667,69.3217,29.3889
"enor",668,69.3209,29.3863
"enor",669,69.3199,29.3851
"enor",670,69.3185,29.3823
"enor",671,69.3181,29.3769
"enor",672,69.3165,29.3728
"enor",673,69.3143,29.3686
"enor",674,69.3133,29.366
"enor",675,69.3109,29.3568
"enor",676,69.3096,29.3499
"enor",677,69.3077,29.3358
"enor",678,69.3071,29.3342
"enor",679,69.306,29.3323
"enor",680,69.3051,29.3279
"enor",681,69.3017,29.3199
"enor",682,69.301,29.314
"enor",683,69.3001,29.3032
"enor",684,69.2995,29.3
"enor",685,69.2986,29.2969
"enor",686,69.2966,29.2916
"enor",687,69.2935,29.2854
"enor",688,69.2908,29.2845
"enor",689,69.288,29.2849
"enor",690,69.2816,29.2823
"enor",691,69.2779,29.2781
"enor",692,69.2752,29.2766
"enor",693,69.2739,29.2766
"enor",694,69.2713,29.2756
"enor",695,69.2674,29.2758
"enor",696,69.2646,29.2768
"enor",697,69.2591,29.2779
"enor",698,69.256,29.278
"enor",699,69.2535,29.2799
"enor",700,69.2526,29.2813
"enor",701,69.2516,29.2816
"enor",702,69.25,29.2847
"enor",703,69.2493,29.2847
"enor",704,69.2471,29.2868
"enor",705,69.2463,29.2879
"enor",706,69.2452,29.2918
"enor",707,69.2433,29.3009
"enor",708,69.2413,29.3068
"enor",709,69.2402,29.3089
"enor",710,69.239,29.3104
"enor",711,69.238,29.3124
"enor",712,69.2366,29.3135
"enor",713,69.234,29.3139
"enor",714,69.2287,29.3133
"enor",715,69.2273,29.312
"enor",716,69.2219,29.3036
"enor",717,69.2205,29.3025
"enor",718,69.2166,29.3006
"enor",719,69.213,29.3018
"enor",720,69.2119,29.3026
"enor",721,69.2108,29.3053
"enor",722,69.2098,29.3056
"enor",723,69.209,29.3038
"enor",724,69.2081,29.2983
"enor",725,69.2075,29.2958
"enor",726,69.2065,29.2932
"enor",727,69.2052,29.2926
"enor",728,69.2041,29.2928
"enor",729,69.2,29.2948
"enor",730,69.1984,29.2962
"enor",731,69.1975,29.2963
"enor",732,69.1964,29.2955
"enor",733,69.1932,29.2903
"enor",734,69.1921,29.2906
"enor",735,69.1905,29.2917
"enor",736,69.1892,29.2934
"enor",737,69.1869,29.2949
"enor",738,69.1829,29.2925
"enor",739,69.179,29.2893
"enor",740,69.1753,29.2854
"enor",741,69.1673,29.2732
"enor",742,69.165,29.2691
"enor",743,69.1641,29.2665
"enor",744,69.163,29.2599
"enor",745,69.1627,29.2546
"enor",746,69.1622,29.2496
"enor",747,69.1613,29.2481
"enor",748,69.1605,29.2491
"enor",749,69.1584,29.2529
"enor",750,69.1556,29.2572
"enor",751,69.155,29.2575
"enor",752,69.1537,29.2571
"enor",753,69.1517,29.2531
"enor",754,69.1503,29.2514
"enor",755,69.1468,29.2463
"enor",756,69.1445,29.2451
"enor",757,69.1411,29.2415
"enor",758,69.1387,29.2396
"enor",759,69.1372,29.239
"enor",760,69.1363,29.2394
"enor",761,69.1357,29.2402
"enor",762,69.1312,29.2438
"enor",763,69.1293,29.2443
"enor",764,69.1286,29.2438
"enor",765,69.1276,29.2429
"enor",766,69.1264,29.2407
"enor",767,69.1257,29.24
"enor",768,69.1252,29.2387
"enor",769,69.1251,29.2356
"enor",770,69.1245,29.2324
"enor",771,69.122,29.2311
"enor",772,69.1211,29.2313
"enor",773,69.1198,29.2355
"enor",774,69.113,29.2423
"enor",775,69.0669,29.1594
"enor",776,69.063,29.142
"enor",777,69.0394,29.0942
"enor",778,69.015,29.0566
"enor",779,69.0106,29.0413
"enor",780,69.0251,29.0197
"enor",781,69.0519,28.9292
"enor",782,69.0772,28.8583
"enor",783,69.0922,28.8319
"enor",784,69.1061,28.8181
"enor",785,69.1275,28.8078
"enor",786,69.1439,28.8139
"enor",787,69.1589,28.8178
"enor",788,69.1597,28.8181
"enor",789,69.1792,28.8264
"enor",790,69.1931,28.8272
"enor",791,69.2106,28.8294
"enor",792,69.2272,28.8272
"enor",793,69.2292,28.8244
"enor",794,69.28,28.9392
"enor",795,69.3133,29.0122
"enor",796,69.3981,29.1953
"enor",797,69.4106,29.2233
"enor",798,69.4639,29.3092
"enor",799,69.4844,29.3361
"enor",800,69.4906,29.3328
"enor",801,69.5081,29.3144
"enor",802,69.5217,29.3025
"enor",803,69.535,29.2864
"enor",804,69.5814,29.2372
"enor",805,69.6767,29.1372
"enor",806,69.6969,29.135
"enor",807,69.7147,29.0333
"enor",808,69.7289,28.9525
"enor",809,69.8206,28.4319
"enor",810,69.8211,28.4286
"enor",811,69.8283,28.4181
"enor",812,69.8383,28.3872
"enor",813,69.8425,28.3747
"enor",814,69.8489,28.3547
"enor",815,69.8814,28.3525
"enor",816,69.9064,28.2506
"enor",817,69.9253,28.1903
"enor",818,69.9533,28.1181
"enor",819,69.9858,28.0681
"enor",820,70,28.0414
"enor",821,70.0008,28.04
"enor",822,70.0117,28.0203
"enor",823,70.0219,28.0017
"enor",824,70.0236,27.9997
"enor",825,70.0414,27.9819
"enor",826,70.0558,27.9786
"enor",827,70.0719,27.9761
"enor",828,70.0767,27.9767
"enor",829,70.085,27.9772
"enor",830,70.0853,27.9772
"enor",831,70.0894,27.9775
"enor",832,70.0925,27.9778
"enor",833,70.0961,27.9633
"enor",834,70.0956,27.955
"enor",835,70.0939,27.9331
"enor",836,70.0903,27.9094
"enor",837,70.0864,27.8864
"enor",838,70.0689,27.7611
"enor",839,70.0675,27.7339
"enor",840,70.0736,27.7136
"enor",841,70.0742,27.7075
"enor",842,70.0797,27.6578
"enor",843,70.0797,27.6564
"enor",844,70.0783,27.6147
"enor",845,70.0783,27.6117
"enor",846,70.0783,27.6092
"enor",847,70.0756,27.5828
"enor",848,70.0656,27.5586
"enor",849,70.0633,27.5567
"enor",850,70.0622,27.5558
"enor",851,70.0369,27.5356
"enor",852,70.0336,27.5306
"enor",853,70.0289,27.5197
"enor",854,70.0258,27.5081
"enor",855,70.0256,27.5006
"enor",856,70.0231,27.4642
"enor",857,70.0222,27.4508
"enor",858,70.0219,27.4475
"enor",859,70.02,27.4397
"enor",860,70.0083,27.3925
"enor",861,70.0006,27.3744
"enor",862,70,27.3728
"enor",863,69.9942,27.3572
"enor",864,69.9928,27.3533
"enor",865,69.9908,27.3369
"enor",866,69.9883,27.2953
"enor",867,69.985,27.2758
"enor",868,69.9822,27.2725
"enor",869,69.9814,27.2717
"enor",870,69.9633,27.2892
"enor",871,69.9564,27.2708
"enor",872,69.9492,27.2231
"enor",873,69.9469,27.2061
"enor",874,69.9331,27.1472
"enor",875,69.9311,27.1392
"enor",876,69.9183,27.0947
"enor",877,69.9164,27.0775
"enor",878,69.9144,27.0589
"enor",879,69.9125,27.05
"enor",880,69.9125,27.0489
"enor",881,69.9117,27.0458
"enor",882,69.9114,27.0442
"enor",883,69.9103,27.0378
"enor",884,69.9147,27.0206
"enor",885,69.915,27.0192
"enor",886,69.9158,27.0156
"enor",887,69.9189,27.0131
"enor",888,69.9211,27.0111
"enor",889,69.9281,27.0003
"enor",890,69.9353,26.9803
"enor",891,69.9358,26.9767
"enor",892,69.9389,26.9611
"enor",893,69.9392,26.9342
"enor",894,69.9381,26.9225
"enor",895,69.9364,26.9089
"enor",896,69.9361,26.9067
"enor",897,69.9342,26.8764
"enor",898,69.9344,26.8664
"enor",899,69.9344,26.8619
"enor",900,69.9358,26.8594
"enor",901,69.9383,26.8539
"enor",902,69.9456,26.8492
"enor",903,69.9481,26.8478
"enor",904,69.9583,26.8581
"enor",905,69.9592,26.8589
"enor",906,69.9597,26.8572
"enor",907,69.9608,26.8519
"enor",908,69.9614,26.8492
"enor",909,69.9614,26.84
"enor",910,69.9603,26.7964
"enor",911,69.96,26.7833
"enor",912,69.9589,26.7786
"enor",913,69.9525,26.745
"enor",914,69.9514,26.7394
"enor",915,69.9492,26.7331
"enor",916,69.9489,26.7322
"enor",917,69.9486,26.7322
"enor",918,69.9489,26.73
"enor",919,69.9492,26.7156
"enor",920,69.9531,26.7003
"enor",921,69.9533,26.6989
"enor",922,69.9603,26.6897
"enor",923,69.9656,26.6825
"enor",924,69.9656,26.6819
"enor",925,69.9658,26.6814
"enor",926,69.9586,26.6081
"enor",927,69.9475,26.5333
"enor",928,69.9447,26.5117
"enor",929,69.9394,26.4672
"enor",930,69.9392,26.4647
"enor",931,69.9253,26.4647
"enor",932,69.9208,26.4575
"enor",933,69.9139,26.4467
"enor",934,69.9089,26.4256
"enor",935,69.9058,26.4125
"enor",936,69.9019,26.4153
"enor",937,69.89,26.4233
"enor",938,69.8797,26.4203
"enor",939,69.8644,26.3997
"enor",940,69.8617,26.3958
"enor",941,69.8497,26.3658
"enor",942,69.8342,26.3186
"enor",943,69.8289,26.3019
"enor",944,69.8219,26.2756
"enor",945,69.815,26.2583
"enor",946,69.8072,26.2581
"enor",947,69.8031,26.2578
"enor",948,69.8,26.2575
"enor",949,69.7756,26.2022
"enor",950,69.7725,26.1956
"enor",951,69.7694,26.1903
"enor",952,69.7536,26.1636
"enor",953,69.7533,26.1628
"enor",954,69.7517,26.1583
"enor",955,69.7494,26.1497
"enor",956,69.7361,26.1025
"enor",957,69.7289,26.0578
"enor",958,69.7219,25.9972
"enor",959,69.7156,25.9789
"enor",960,69.7039,25.9592
"enor",961,69.6933,25.9481
"enor",962,69.6839,25.9325
"enor",963,69.6775,25.9092
"enor",964,69.6717,25.9022
"enor",965,69.6614,25.9106
"enor",966,69.6556,25.9272
"enor",967,69.655,25.9292
"enor",968,69.6539,25.9406
"enor",969,69.6536,25.945
"enor",970,69.6478,25.9606
"enor",971,69.6467,25.9639
"enor",972,69.6328,25.9697
"enor",973,69.6289,25.9711
"enor",974,69.6189,25.9761
"enor",975,69.6106,25.9803
"enor",976,69.6097,25.9808
"enor",977,69.595,25.9617
"enor",978,69.5892,25.9569
"enor",979,69.5806,25.9503
"enor",980,69.58,25.9494
"enor",981,69.5789,25.9464
"enor",982,69.5675,25.9167
"enor",983,69.5578,25.8772
"enor",984,69.555,25.8572
"enor",985,69.5469,25.8506
"enor",986,69.5464,25.8517
"enor",987,69.5439,25.855
"enor",988,69.5386,25.8625
"enor",989,69.5358,25.8667
"enor",990,69.5336,25.87
"enor",991,69.5236,25.8831
"enor",992,69.5225,25.8839
"enor",993,69.5222,25.8831
"enor",994,69.5131,25.8625
"enor",995,69.5033,25.8594
"enor",996,69.495,25.8569
"enor",997,69.4828,25.8681
"enor",998,69.4778,25.8647
"enor",999,69.4731,25.8439
"enor",1000,69.4731,25.8428
"enor",1001,69.4697,25.8392
"enor",1002,69.4608,25.8292
"enor",1003,69.4561,25.8253
"enor",1004,69.45,25.82
"enor",1005,69.4475,25.8181
"enor",1006,69.4464,25.8172
"enor",1007,69.4336,25.8067
"enor",1008,69.4328,25.8075
"enor",1009,69.4275,25.8122
"enor",1010,69.4239,25.8069
"enor",1011,69.4203,25.8175
"enor",1012,69.4172,25.8264
"enor",1013,69.4136,25.8267
"enor",1014,69.4089,25.8267
"enor",1015,69.4044,25.8311
"enor",1016,69.4,25.8358
"enor",1017,69.3953,25.8364
"enor",1018,69.3928,25.8369
"enor",1019,69.3864,25.8283
"enor",1020,69.3786,25.8178
"enor",1021,69.3683,25.8181
"enor",1022,69.3675,25.8136
"enor",1023,69.3661,25.8081
"enor",1024,69.3647,25.8019
"enor",1025,69.36,25.7881
"enor",1026,69.36,25.7875
"enor",1027,69.3544,25.7886
"enor",1028,69.3539,25.7886
"enor",1029,69.345,25.7706
"enor",1030,69.3369,25.7556
"enor",1031,69.315,25.7456
"enor",1032,69.315,25.7458
"enor",1033,69.3078,25.7553
"enor",1034,69.3028,25.7461
"enor",1035,69.3025,25.7458
"enor",1036,69.3011,25.7483
"enor",1037,69.2975,25.7547
"enor",1038,69.29,25.7467
"enor",1039,69.2853,25.7497
"enor",1040,69.2847,25.75
"enor",1041,69.2806,25.7433
"enor",1042,69.2772,25.7381
"enor",1043,69.2764,25.7369
"enor",1044,69.2761,25.7372
"enor",1045,69.2703,25.7408
"enor",1046,69.27,25.7406
"enor",1047,69.2664,25.7342
"enor",1048,69.2631,25.7286
"enor",1049,69.2556,25.7094
"enor",1050,69.2522,25.7125
"enor",1051,69.2494,25.715
"enor",1052,69.2472,25.7172
"enor",1053,69.24,25.7164
"enor",1054,69.2358,25.7161
"enor",1055,69.2331,25.7233
"enor",1056,69.23,25.7219
"enor",1057,69.22,25.7167
"enor",1058,69.2192,25.7161
"enor",1059,69.2142,25.7128
"enor",1060,69.2058,25.7069
"enor",1061,69.1947,25.7186
"enor",1062,69.1881,25.7228
"enor",1063,69.1814,25.7267
"enor",1064,69.1686,25.7358
"enor",1065,69.1681,25.7364
"enor",1066,69.1547,25.7483
"enor",1067,69.1536,25.7494
"enor",1068,69.1492,25.7533
"enor",1069,69.1461,25.7525
"enor",1070,69.1403,25.7514
"enor",1071,69.1389,25.7511
"enor",1072,69.1258,25.7425
"enor",1073,69.1075,25.735
"enor",1074,69.1069,25.7353
"enor",1075,69.1006,25.7389
"enor",1076,69.0656,25.7583
"enor",1077,69.0275,25.7794
"enor",1078,69.0256,25.7806
"enor",1079,69.0203,25.7833
"enor",1080,69.0136,25.7711
"enor",1081,68.9972,25.7411
"enor",1082,68.9928,25.7325
"enor",1083,68.9917,25.7306
"enor",1084,68.9889,25.7283
"enor",1085,68.9875,25.7272
"enor",1086,68.9808,25.7219
"enor",1087,68.9567,25.7028
"enor",1088,68.9525,25.6994
"enor",1089,68.9508,25.6983
"enor",1090,68.945,25.6947
"enor",1091,68.9383,25.6886
"enor",1092,68.9306,25.6808
"enor",1093,68.9247,25.6717
"enor",1094,68.9192,25.6708
"enor",1095,68.9108,25.6617
"enor",1096,68.9072,25.6575
"enor",1097,68.905,25.6553
"enor",1098,68.9011,25.6414
"enor",1099,68.8981,25.6378
"enor",1100,68.8967,25.6361
"enor",1101,68.8944,25.6336
"enor",1102,68.8928,25.6303
"enor",1103,68.8897,25.6244
"enor",1104,68.8883,25.6092
"enor",1105,68.8853,25.6019
"enor",1106,68.8844,25.59
"enor",1107,68.885,25.585
"enor",1108,68.8858,25.5803
"enor",1109,68.8864,25.5736
"enor",1110,68.8872,25.5619
"enor",1111,68.8878,25.5417
"enor",1112,68.8911,25.5294
"enor",1113,68.8922,25.5256
"enor",1114,68.8942,25.5225
"enor",1115,68.8972,25.5144
"enor",1116,68.9028,25.5017
"enor",1117,68.9056,25.4886
"enor",1118,68.905,25.4783
"enor",1119,68.9017,25.4694
"enor",1120,68.8989,25.4556
"enor",1121,68.8956,25.4417
"enor",1122,68.895,25.4392
"enor",1123,68.8933,25.4281
"enor",1124,68.8933,25.4147
"enor",1125,68.8933,25.4144
"enor",1126,68.8906,25.4108
"enor",1127,68.8872,25.4089
"enor",1128,68.8869,25.4086
"enor",1129,68.8864,25.4069
"enor",1130,68.8864,25.4008
"enor",1131,68.8867,25.3917
"enor",1132,68.8861,25.3906
"enor",1133,68.8836,25.3847
"enor",1134,68.8806,25.3761
"enor",1135,68.8789,25.3722
"enor",1136,68.8719,25.3511
"enor",1137,68.8656,25.3117
"enor",1138,68.8625,25.3011
"enor",1139,68.8572,25.2922
"enor",1140,68.8542,25.2839
"enor",1141,68.8531,25.2817
"enor",1142,68.8486,25.2692
"enor",1143,68.8447,25.255
"enor",1144,68.8433,25.25
"enor",1145,68.8431,25.2497
"enor",1146,68.8381,25.2461
"enor",1147,68.835,25.2419
"enor",1148,68.8278,25.2314
"enor",1149,68.8264,25.2294
"enor",1150,68.8194,25.2203
"enor",1151,68.815,25.2064
"enor",1152,68.8061,25.1786
"enor",1153,68.8028,25.1647
"enor",1154,68.8,25.1525
"enor",1155,68.7992,25.15
"enor",1156,68.7964,25.1422
"enor",1157,68.7917,25.1383
"enor",1158,68.7875,25.1378
"enor",1159,68.7819,25.1353
"enor",1160,68.7728,25.1314
"enor",1161,68.7717,25.1308
"enor",1162,68.7708,25.1303
"enor",1163,68.7686,25.1292
"enor",1164,68.7572,25.1225
"enor",1165,68.7547,25.1222
"enor",1166,68.7464,25.1214
"enor",1167,68.7403,25.1256
"enor",1168,68.7303,25.1219
"enor",1169,68.7183,25.13
"enor",1170,68.7167,25.1306
"enor",1171,68.7158,25.1308
"enor",1172,68.7156,25.1303
"enor",1173,68.7094,25.1106
"enor",1174,68.6933,25.1047
"enor",1175,68.6864,25.1061
"enor",1176,68.6789,25.1075
"enor",1177,68.6719,25.1142
"enor",1178,68.6661,25.1189
"enor",1179,68.6567,25.1172
"enor",1180,68.6469,25.1236
"enor",1181,68.6464,25.1239
"enor",1182,68.6439,25.1139
"enor",1183,68.64,25.0964
"enor",1184,68.6394,25.0897
"enor",1185,68.6347,25.0661
"enor",1186,68.6219,25.0289
"enor",1187,68.6183,25
"enor",1188,68.6189,24.9783
"enor",1189,68.6183,24.9717
"enor",1190,68.6144,24.9333
"enor",1191,68.6097,24.9161
"enor",1192,68.605,24.915
"enor",1193,68.5983,24.9133
"enor",1194,68.5975,24.9128
"enor",1195,68.5942,24.9111
"enor",1196,68.5836,24.9017
"enor",1197,68.5817,24.8997
"enor",1198,68.5581,24.9036
"enor",1199,68.5611,24.8664
"enor",1200,68.575,24.8517
"enor",1201,68.5894,24.8408
"enor",1202,68.6156,24.82
"enor",1203,68.6311,24.8047
"enor",1204,68.6439,24.7794
"enor",1205,68.6672,24.705
"enor",1206,68.6719,24.6903
"enor",1207,68.6747,24.6811
"enor",1208,68.6836,24.6531
"enor",1209,68.6883,24.6128
"enor",1210,68.7086,24.4653
"enor",1211,68.7275,24.3047
"enor",1212,68.7275,24.2675
"enor",1213,68.7331,24.2403
"enor",1214,68.7444,24.2156
"enor",1215,68.7519,24.1847
"enor",1216,68.7578,24.1497
"enor",1217,68.7589,24.1411
"enor",1218,68.7967,24.1525
"enor",1219,68.8017,24.0514
"enor",1220,68.8144,24.0319
"enor",1221,68.8286,24.0028
"enor",1222,68.8289,24
"enor",1223,68.8353,23.9592
"enor",1224,68.8367,23.9231
"enor",1225,68.8394,23.8739
"enor",1226,68.8225,23.7678
"enor",1227,68.7819,23.7456
"enor",1228,68.7517,23.7122
"enor",1229,68.7133,23.6644
"enor",1230,68.7039,23.5328
"enor",1231,68.6975,23.4461
"enor",1232,68.6661,23.3153
"enor",1233,68.6661,23.315
"enor",1234,68.6631,23.3025
"enor",1235,68.6292,23.1608
"enor",1236,68.6461,23.1311
"enor",1237,68.6969,23.0417
"enor",1238,68.6911,22.7983
"enor",1239,68.7103,22.6986
"enor",1240,68.7442,22.5214
"enor",1241,68.7206,22.3739
"enor",1242,68.7378,22.3681
"enor",1243,68.8319,22.3364
"enor",1244,68.9161,22.1983
"enor",1245,68.9611,22.1747
"enor",1246,69.0661,21.9894
"enor",1247,69.0742,21.9753
"enor",1248,69.0753,21.9731
"enor",1249,69.0919,21.9439
"enor",1250,69.1122,21.9008
"enor",1251,69.1236,21.8917
"enor",1252,69.1308,21.8747
"enor",1253,69.1561,21.8236
"enor",1254,69.27,21.6439
"enor",1255,69.2797,21.5531
"enor",1256,69.2806,21.5461
"enor",1257,69.3081,21.2872
"enor",1258,69.2856,21.2158
"enor",1259,69.2817,21.1786
"enor",1260,69.2711,21.1478
"enor",1261,69.2569,21.1064
"enor",1262,69.2339,21.0408
"enor",1263,69.2231,21.0247
"enor",1264,69.2056,21.0236
"enor",1265,69.1842,21.0217
"enor",1266,69.1231,21.0681
"enor",1267,69.1122,21.1025
"enor",1268,69.1039,21.1281
"enor",1269,69.0636,21.0822
"enor",1270,69.0511,21.0681
"enor",1271,69.0444,21.0603
"enor",1272,69.1156,20.7456
"enor",1273,69.1214,20.7206
"enor",1274,69.06,20.5486
"enor",1275,69.0566,20.4402
"enor",1276,69.0557,20.4166
"enor",1277,69.0492,20.1951
"enor",1278,69.0455,20.0599
"enor",1279,69.0103,20.1307
"enor",1280,69.0059,20.1392
"enor",1281,68.9999,20.1515
"enor",1282,68.9998,20.1516
"enor",1283,68.9994,20.153
"enor",1284,68.956,20.2384
"enor",1285,68.9446,20.2633
"enor",1286,68.9261,20.3074
"enor",1287,68.8555,20.3216
"enor",1288,68.8469,20.3244
"enor",1289,68.8128,20.3339
"enor",1290,68.802,20.3364
"enor",1291,68.7948,20.3293
"enor",1292,68.7827,20.3158
"enor",1293,68.7605,20.2946
"enor",1294,68.7531,20.2868
"enor",1295,68.7499,20.2841
"enor",1296,68.7401,20.2743
"enor",1297,68.68,20.2165
"enor",1298,68.6659,20.204
"enor",1299,68.591,20.0528
"enor",1300,68.5757,20
"enor",1301,68.5736,19.9926
"enor",1302,68.5579,19.9371
"enor",1303,68.5387,20
"enor",1304,68.5308,20.0261
"enor",1305,68.4908,20.2268
"enor",1306,68.427,20.0702
"enor",1307,68.3974,20
"enor",1308,68.388,19.9776
"enor",1309,68.3558,19.9212
"enor",1310,68.4026,19.6536
"enor",1311,68.4203,19.5541
"enor",1312,68.4564,19.3913
"enor",1313,68.4835,19.1771
"enor",1314,68.4988,19.0906
"enor",1315,68.5168,18.9839
"enor",1316,68.51,18.7346
"enor",1317,68.5083,18.6845
"enor",1318,68.5068,18.621
"enor",1319,68.5123,18.6069
"enor",1320,68.5141,18.6017
"enor",1321,68.519,18.5893
"enor",1322,68.5227,18.5789
"enor",1323,68.5247,18.5741
"enor",1324,68.5303,18.5592
"enor",1325,68.5366,18.5411
"enor",1326,68.5422,18.526
"enor",1327,68.544,18.5201
"enor",1328,68.5497,18.5053
"enor",1329,68.5595,18.476
"enor",1330,68.5629,18.4647
"enor",1331,68.5736,18.4319
"enor",1332,68.5752,18.4259
"enor",1333,68.5817,18.4059
"enor",1334,68.5797,18.3929
"enor",1335,68.5775,18.3804
"enor",1336,68.5739,18.3569
"enor",1337,68.5723,18.3479
"enor",1338,68.5707,18.3375
"enor",1339,68.5615,18.2822
"enor",1340,68.5589,18.2646
"enor",1341,68.5527,18.2265
"enor",1342,68.5492,18.2037
"enor",1343,68.546,18.1845
"enor",1344,68.5445,18.1743
"enor",1345,68.5423,18.162
"enor",1346,68.5397,18.1448
"enor",1347,68.5384,18.1387
"enor",1348,68.5365,18.126
"enor",1349,68.4935,18.1189
"enor",1350,68.418,18.1034
"enor",1351,68.4164,18.1033
"enor",1352,68.406,18.1012
"enor",1353,68.4046,18.1012
"enor",1354,68.3366,18.1155
"enor",1355,68.3026,18.1249
"enor",1356,68.2584,18.1361
"enor",1357,68.2505,18.1382
"enor",1358,68.249,18.1392
"enor",1359,68.1986,18.1514
"enor",1360,68.1452,18.0947
"enor",1361,68.1234,18.07
"enor",1362,68.1198,18.0656
"enor",1363,68.1049,18.0488
"enor",1364,68.0942,18.0362
"enor",1365,68.0708,18.0117
"enor",1366,68.061,18.0008
"enor",1367,68.0604,18
"enor",1368,68.0595,17.9985
"enor",1369,68.0589,17.9971
"enor",1370,68.0475,17.9851
"enor",1371,67.9999,17.9327
"enor",1372,67.9818,17.9128
"enor",1373,67.9691,17.8993
"enor",1374,67.9849,17.8466
"enor",1375,67.9999,17.7952
"enor",1376,68.0072,17.7704
"enor",1377,68.0213,17.7228
"enor",1378,68.0237,17.7144
"enor",1379,68.0242,17.7122
"enor",1380,68.0271,17.7031
"enor",1381,68.0378,17.6662
"enor",1382,68.0578,17.5748
"enor",1383,68.0747,17.4952
"enor",1384,68.0753,17.4914
"enor",1385,68.0897,17.4226
"enor",1386,68.0905,17.4177
"enor",1387,68.1184,17.2822
"enor",1388,68.1186,17.2814
"enor",1389,68.0503,17.1803
"enor",1390,67.9999,17.006
"enor",1391,67.9994,17.0043
"enor",1392,67.9945,16.9865
"enor",1393,67.9894,16.9697
"enor",1394,67.9843,16.9536
"enor",1395,67.9777,16.9314
"enor",1396,67.9708,16.91
"enor",1397,67.9511,16.8516
"enor",1398,67.9443,16.8305
"enor",1399,67.9375,16.8085
"enor",1400,67.9267,16.7747
"enor",1401,67.9185,16.7505
"enor",1402,67.9141,16.7381
"enor",1403,67.8949,16.7251
"enor",1404,67.8876,16.7208
"enor",1405,67.885,16.7188
"enor",1406,67.8798,16.7156
"enor",1407,67.8616,16.7033
"enor",1408,67.8601,16.702
"enor",1409,67.8294,16.6819
"enor",1410,67.8235,16.6774
"enor",1411,67.7876,16.6525
"enor",1412,67.7667,16.6374
"enor",1413,67.745,16.6227
"enor",1414,67.7425,16.6222
"enor",1415,67.7329,16.6152
"enor",1416,67.7276,16.6113
"enor",1417,67.7071,16.5983
"enor",1418,67.6786,16.5796
"enor",1419,67.6472,16.5559
"enor",1420,67.5933,16.4934
"enor",1421,67.5901,16.4883
"enor",1422,67.5781,16.4714
"enor",1423,67.534,16.4072
"enor",1424,67.5339,16.4063
"enor",1425,67.5307,16.3449
"enor",1426,67.5279,16.2853
"enor",1427,67.5205,16.181
"enor",1428,67.519,16.1577
"enor",1429,67.5133,16.1528
"enor",1430,67.4992,16.1421
"enor",1431,67.4724,16.1196
"enor",1432,67.4579,16.1084
"enor",1433,67.4554,16.1061
"enor",1434,67.4351,16.0899
"enor",1435,67.434,16.0919
"enor",1436,67.4291,16.0985
"enor",1437,67.394,16.1479
"enor",1438,67.3815,16.1648
"enor",1439,67.3736,16.1763
"enor",1440,67.3482,16.2112
"enor",1441,67.345,16.216
"enor",1442,67.3419,16.2194
"enor",1443,67.3395,16.2227
"enor",1444,67.3323,16.2333
"enor",1445,67.3179,16.2527
"enor",1446,67.3112,16.2626
"enor",1447,67.3096,16.2646
"enor",1448,67.3087,16.2662
"enor",1449,67.3014,16.2756
"enor",1450,67.2871,16.2956
"enor",1451,67.2622,16.3295
"enor",1452,67.2197,16.3839
"enor",1453,67.2049,16.4041
"enor",1454,67.0823,16.3907
"enor",1455,67.0454,16.3875
"enor",1456,67.0227,16.3178
"enor",1457,67.0182,16.3047
"enor",1458,67.0167,16.2997
"enor",1459,67.0003,16.2495
"enor",1460,66.9999,16.2487
"enor",1461,66.998,16.2448
"enor",1462,66.9807,16.1918
"enor",1463,66.9733,16.1749
"enor",1464,66.9704,16.1678
"enor",1465,66.9652,16.1565
"enor",1466,66.9635,16.152
"enor",1467,66.9328,16.0836
"enor",1468,66.9122,16.0387
"enor",1469,66.8788,16
"enor",1470,66.873,15.9932
"enor",1471,66.8171,15.9199
"enor",1472,66.8073,15.9069
"enor",1473,66.7743,15.8614
"enor",1474,66.7701,15.8553
"enor",1475,66.7621,15.8446
"enor",1476,66.75,15.8272
"enor",1477,66.749,15.8262
"enor",1478,66.7354,15.8073
"enor",1479,66.6735,15.7256
"enor",1480,66.6684,15.7187
"enor",1481,66.6669,15.7162
"enor",1482,66.6535,15.6989
"enor",1483,66.6484,15.6917
"enor",1484,66.6226,15.6584
"enor",1485,66.619,15.6534
"enor",1486,66.6172,15.6517
"enor",1487,66.6114,15.6438
"enor",1488,66.5941,15.6214
"enor",1489,66.5584,15.5353
"enor",1490,66.5576,15.5329
"enor",1491,66.5237,15.4511
"enor",1492,66.5007,15.4066
"enor",1493,66.4969,15.4008
"enor",1494,66.4851,15.3785
"enor",1495,66.4842,15.3771
"enor",1496,66.4805,15.3789
"enor",1497,66.4352,15.4054
"enor",1498,66.4143,15.416
"enor",1499,66.4067,15.422
"enor",1500,66.3921,15.4304
"enor",1501,66.3569,15.4478
"enor",1502,66.3384,15.4574
"enor",1503,66.2823,15.4846
"enor",1504,66.2803,15.477
"enor",1505,66.2728,15.4504
"enor",1506,66.2636,15.4169
"enor",1507,66.2612,15.409
"enor",1508,66.234,15.3106
"enor",1509,66.2076,15.2218
"enor",1510,66.2054,15.2135
"enor",1511,66.1981,15.1894
"enor",1512,66.1817,15.1321
"enor",1513,66.1534,15.0354
"enor",1514,66.1524,15.0088
"enor",1515,66.1507,14.9729
"enor",1516,66.1488,14.9268
"enor",1517,66.146,14.8691
"enor",1518,66.1427,14.7811
"enor",1519,66.1403,14.7209
"enor",1520,66.1358,14.6006
"enor",1521,66.1325,14.5159
"enor",1522,66.0955,14.5286
"enor",1523,66.0573,14.5417
"enor",1524,66.0416,14.5454
"enor",1525,66.0352,14.5474
"enor",1526,66.022,14.5508
"enor",1527,66.0026,14.5549
"enor",1528,65.9999,14.5556
"enor",1529,65.9982,14.5561
"enor",1530,65.9877,14.5607
"enor",1531,65.9616,14.5713
"enor",1532,65.9578,14.5731
"enor",1533,65.9434,14.5757
"enor",1534,65.9026,14.5838
"enor",1535,65.8624,14.602
"enor",1536,65.8116,14.6253
"enor",1537,65.7815,14.602
"enor",1538,65.7527,14.5806
"enor",1539,65.75,14.5782
"enor",1540,65.75,14.5786
"enor",1541,65.7439,14.5733
"enor",1542,65.74,14.5706
"enor",1543,65.7007,14.541
"enor",1544,65.6992,14.5404
"enor",1545,65.6967,14.54
"enor",1546,65.6523,14.5301
"enor",1547,65.6394,14.5261
"enor",1548,65.6299,14.5253
"enor",1549,65.5842,14.5142
"enor",1550,65.5775,14.5153
"enor",1551,65.5511,14.5062
"enor",1552,65.5216,14.4991
"enor",1553,65.4998,14.499
"enor",1554,65.4443,14.5006
"enor",1555,65.3739,14.5019
"enor",1556,65.3096,14.5067
"enor",1557,65.2903,14.467
"enor",1558,65.2853,14.4564
"enor",1559,65.2792,14.4443
"enor",1560,65.2627,14.4099
"enor",1561,65.2525,14.3892
"enor",1562,65.2477,14.3785
"enor",1563,65.1937,14.3555
"enor",1564,65.1188,14.3254
"enor",1565,65.0958,14.2934
"enor",1566,65.0423,14.2179
"enor",1567,65.0381,14.2126
"enor",1568,65.0348,14.2077
"enor",1569,65.0191,14.1864
"enor",1570,65.0123,14.1765
"enor",1571,65.0098,14.1734
"enor",1572,65.0011,14.1612
"enor",1573,64.9999,14.1588
"enor",1574,64.9997,14.1584
"enor",1575,64.9512,14.0937
"enor",1576,64.9388,14.0768
"enor",1577,64.9236,14.0581
"enor",1578,64.8897,14.0149
"enor",1579,64.8774,14
"enor",1580,64.8595,13.9782
"enor",1581,64.8228,13.9324
"enor",1582,64.8223,13.9317
"enor",1583,64.7755,13.8735
"enor",1584,64.7497,13.8419
"enor",1585,64.73,13.8169
"enor",1586,64.7115,13.7941
"enor",1587,64.6818,13.7567
"enor",1588,64.6502,13.7179
"enor",1589,64.6432,13.709
"enor",1590,64.6345,13.7
"enor",1591,64.6258,13.6929
"enor",1592,64.6123,13.6806
"enor",1593,64.5937,13.6654
"enor",1594,64.5804,13.6534
"enor",1595,64.5603,13.7177
"enor",1596,64.507,13.8912
"enor",1597,64.4958,13.9686
"enor",1598,64.4914,13.9975
"enor",1599,64.491,14
"enor",1600,64.4849,14.0413
"enor",1601,64.4825,14.0555
"enor",1602,64.4811,14.0668
"enor",1603,64.4783,14.0851
"enor",1604,64.4764,14.0889
"enor",1605,64.4688,14.1023
"enor",1606,64.4626,14.1139
"enor",1607,64.439,14.1181
"enor",1608,64.4062,14.1232
"enor",1609,64.389,14.1266
"enor",1610,64.3725,14.129
"enor",1611,64.3711,14.1296
"enor",1612,64.3318,14.1362
"enor",1613,64.3213,14.1384
"enor",1614,64.288,14.1441
"enor",1615,64.272,14.146
"enor",1616,64.2593,14.1468
"enor",1617,64.2534,14.1482
"enor",1618,64.2332,14.1509
"enor",1619,64.1952,14.1569
"enor",1620,64.1493,14.1118
"enor",1621,64.1335,14.0955
"enor",1622,64.1079,14.0704
"enor",1623,64.0873,14.0493
"enor",1624,64.0502,14.0122
"enor",1625,64.0386,14
"enor",1626,64.0077,13.9675
"enor",1627,64.0083,13.9644
"enor",1628,64.0156,13.9156
"enor",1629,64.0343,13.7939
"enor",1630,64.0445,13.7255
"enor",1631,64.0461,13.7159
"enor",1632,64.0521,13.6602
"enor",1633,64.0534,13.6465
"enor",1634,64.0573,13.6102
"enor",1635,64.0583,13.5992
"enor",1636,64.0654,13.5376
"enor",1637,64.0717,13.4632
"enor",1638,64.0817,13.3578
"enor",1639,64.0876,13.2929
"enor",1640,64.0912,13.2553
"enor",1641,64.095,13.218
"enor",1642,64.0953,13.211
"enor",1643,64.0845,13.1307
"enor",1644,64.071,13.0277
"enor",1645,64.0644,12.9788
"enor",1646,64.0576,12.9268
"enor",1647,64.0342,12.858
"enor",1648,64.0285,12.8411
"enor",1649,64.026,12.8341
"enor",1650,64.0051,12.7724
"enor",1651,63.9999,12.7576
"enor",1652,63.9852,12.7158
"enor",1653,63.9796,12.6989
"enor",1654,63.974,12.6836
"enor",1655,63.9737,12.6831
"enor",1656,63.9722,12.6809
"enor",1657,63.9492,12.6515
"enor",1658,63.9343,12.6317
"enor",1659,63.9139,12.6056
"enor",1660,63.878,12.5584
"enor",1661,63.8572,12.5319
"enor",1662,63.8177,12.4791
"enor",1663,63.7629,12.4001
"enor",1664,63.7528,12.3851
"enor",1665,63.7499,12.3809
"enor",1666,63.749,12.3801
"enor",1667,63.7403,12.3669
"enor",1668,63.7324,12.3557
"enor",1669,63.7148,12.3299
"enor",1670,63.6794,12.3044
"enor",1671,63.6719,12.2996
"enor",1672,63.6307,12.2271
"enor",1673,63.5938,12.1502
"enor",1674,63.5873,12.1533
"enor",1675,63.5163,12.1919
"enor",1676,63.4786,12.2127
"enor",1677,63.4107,12.1403
"enor",1678,63.3554,12.0842
"enor",1679,63.3412,12.0656
"enor",1680,63.3306,12.0525
"enor",1681,63.3162,12.034
"enor",1682,63.2891,12
"enor",1683,63.2858,11.9959
"enor",1684,63.269,11.9745
"enor",1685,63.2411,12
"enor",1686,63.1892,12.0471
"enor",1687,63.1837,12.0522
"enor",1688,63.1412,12.0908
"enor",1689,63.0639,12.1619
"enor",1690,63.0545,12.1698
"enor",1691,63.0305,12.1918
"enor",1692,63.0212,12.1995
"enor",1693,63.0003,12.2182
"enor",1694,62.9999,12.2177
"enor",1695,62.9808,12.1901
"enor",1696,62.928,12.1118
"enor",1697,62.9025,12.0744
"enor",1698,62.8294,12.1033
"enor",1699,62.818,12.1081
"enor",1700,62.7747,12.1253
"enor",1701,62.7557,12.133
"enor",1702,62.748,12.1365
"enor",1703,62.6785,12.0958
"enor",1704,62.6381,12.0715
"enor",1705,62.6118,12.0562
"enor",1706,62.5936,12.0687
"enor",1707,62.5669,12.0878
"enor",1708,62.535,12.1095
"enor",1709,62.5139,12.1244
"enor",1710,62.5062,12.1299
"enor",1711,62.4973,12.1367
"enor",1712,62.4965,12.1376
"enor",1713,62.4901,12.1419
"enor",1714,62.4569,12.1653
"enor",1715,62.4484,12.1716
"enor",1716,62.4342,12.1815
"enor",1717,62.4328,12.1828
"enor",1718,62.4258,12.1879
"enor",1719,62.4013,12.2048
"enor",1720,62.3865,12.2155
"enor",1721,62.3799,12.2197
"enor",1722,62.3448,12.2445
"enor",1723,62.3311,12.2547
"enor",1724,62.3197,12.2622
"enor",1725,62.2673,12.299
"enor",1726,62.1962,12.2778
"enor",1727,62.136,12.2612
"enor",1728,62,12.2198
"enor",1729,61.9999,12.2198
"enor",1730,61.9996,12.2197
"enor",1731,61.8781,12.1848
"enor",1732,61.7991,12.1611
"enor",1733,61.7238,12.1377
"enor",1734,61.6402,12.2754
"enor",1735,61.6146,12.3411
"enor",1736,61.5629,12.4196
"enor",1737,61.567,12.4464
"enor",1738,61.5688,12.5693
"enor",1739,61.4997,12.6679
"enor",1740,61.4045,12.8049
"enor",1741,61.3565,12.8708
"enor",1742,61.2585,12.8338
"enor",1743,61.197,12.7904
"enor",1744,61.1432,12.7067
"enor",1745,61.0611,12.6822
"enor",1746,61.0593,12.6811
"enor",1747,61.0564,12.6707
"enor",1748,61.0548,12.6681
"enor",1749,61.0525,12.657
"enor",1750,61.052,12.6512
"enor",1751,61.0465,12.6107
"enor",1752,61.0464,12.602
"enor",1753,61.0462,12.6001
"enor",1754,61.0465,12.5993
"enor",1755,61.047,12.5953
"enor",1756,61.0516,12.4876
"enor",1757,61.0506,12.4473
"enor",1758,61.0272,12.2947
"enor",1759,61.0224,12.2593
"enor",1760,61.02,12.2423
"enor",1761,61.019,12.2398
"enor",1762,61.0135,12.2235
"enor",1763,61,12.2354
"enor",1764,60.9999,12.2353
"enor",1765,60.9786,12.254
"enor",1766,60.8902,12.3325
"enor",1767,60.8865,12.333
"enor",1768,60.8525,12.3344
"enor",1769,60.8438,12.3382
"enor",1770,60.8179,12.3494
"enor",1771,60.7338,12.3955
"enor",1772,60.6856,12.4605
"enor",1773,60.6424,12.5109
"enor",1774,60.6001,12.5154
"enor",1775,60.5748,12.549
"enor",1776,60.5508,12.5816
"enor",1777,60.5258,12.5981
"enor",1778,60.5127,12.6067
"enor",1779,60.4058,12.6057
"enor",1780,60.3862,12.5861
"enor",1781,60.3498,12.5474
"enor",1782,60.3426,12.5356
"enor",1783,60.3237,12.4989
"enor",1784,60.2996,12.5021
"enor",1785,60.2787,12.5058
"enor",1786,60.2769,12.5065
"enor",1787,60.2239,12.5246
"enor",1788,60.1934,12.5417
"enor",1789,60.1033,12.5024
"enor",1790,60.0949,12.4975
"enor",1791,60.0827,12.4882
"enor",1792,60.0731,12.4804
"enor",1793,60.0392,12.4485
"enor",1794,60.0263,12.4246
"enor",1795,60.0156,12.3957
"enor",1796,60.0102,12.3894
"enor",1797,59.9999,12.3783
"enor",1798,59.9815,12.3585
"enor",1799,59.9811,12.3581
"enor",1800,59.9656,12.3414
"enor",1801,59.9272,12.2312
"enor",1802,59.9124,12.2081
"enor",1803,59.8898,12.1742
"enor",1804,59.8867,12.1551
"enor",1805,59.8938,12.1259
"enor",1806,59.8905,12.0995
"enor",1807,59.8859,12.0531
"enor",1808,59.8871,12.0449
"enor",1809,59.8893,12.0317
"enor",1810,59.8928,12.0091
"enor",1811,59.8956,12
"enor",1812,59.8975,11.9933
"enor",1813,59.8988,11.987
"enor",1814,59.9004,11.9837
"enor",1815,59.8906,11.9444
"enor",1816,59.89,11.942
"enor",1817,59.8863,11.9324
"enor",1818,59.8864,11.9309
"enor",1819,59.8857,11.9288
"enor",1820,59.8845,11.9271
"enor",1821,59.8828,11.9227
"enor",1822,59.8816,11.9208
"enor",1823,59.8793,11.9204
"enor",1824,59.8783,11.9207
"enor",1825,59.8765,11.9223
"enor",1826,59.8752,11.9225
"enor",1827,59.874,11.9212
"enor",1828,59.8727,11.9166
"enor",1829,59.8727,11.9161
"enor",1830,59.8721,11.9142
"enor",1831,59.8717,11.9118
"enor",1832,59.8721,11.9093
"enor",1833,59.8724,11.9035
"enor",1834,59.8723,11.9009
"enor",1835,59.8717,11.8987
"enor",1836,59.8713,11.8962
"enor",1837,59.8719,11.8937
"enor",1838,59.8722,11.8912
"enor",1839,59.872,11.8853
"enor",1840,59.8696,11.8822
"enor",1841,59.868,11.881
"enor",1842,59.8666,11.8812
"enor",1843,59.8652,11.8825
"enor",1844,59.8624,11.8845
"enor",1845,59.8594,11.8881
"enor",1846,59.8589,11.8881
"enor",1847,59.8567,11.8853
"enor",1848,59.8557,11.8836
"enor",1849,59.8538,11.8796
"enor",1850,59.8531,11.8772
"enor",1851,59.8526,11.8749
"enor",1852,59.8514,11.8734
"enor",1853,59.8499,11.8694
"enor",1854,59.8492,11.8669
"enor",1855,59.8481,11.8648
"enor",1856,59.8463,11.8571
"enor",1857,59.8446,11.8535
"enor",1858,59.8446,11.8508
"enor",1859,59.842,11.8429
"enor",1860,59.8413,11.8395
"enor",1861,59.8405,11.8399
"enor",1862,59.838,11.842
"enor",1863,59.8375,11.8431
"enor",1864,59.8364,11.8444
"enor",1865,59.8326,11.8504
"enor",1866,59.8303,11.8528
"enor",1867,59.8296,11.8568
"enor",1868,59.8295,11.8582
"enor",1869,59.8301,11.8609
"enor",1870,59.83,11.8619
"enor",1871,59.8296,11.8651
"enor",1872,59.8289,11.8685
"enor",1873,59.8287,11.8711
"enor",1874,59.8285,11.8722
"enor",1875,59.8286,11.8739
"enor",1876,59.8289,11.8748
"enor",1877,59.8285,11.876
"enor",1878,59.828,11.8768
"enor",1879,59.8278,11.878
"enor",1880,59.8245,11.8849
"enor",1881,59.8223,11.8879
"enor",1882,59.8214,11.8897
"enor",1883,59.8206,11.8899
"enor",1884,59.8187,11.8914
"enor",1885,59.8162,11.8945
"enor",1886,59.813,11.8999
"enor",1887,59.8125,11.9019
"enor",1888,59.8115,11.9046
"enor",1889,59.8094,11.9056
"enor",1890,59.8063,11.9058
"enor",1891,59.8036,11.9088
"enor",1892,59.803,11.9089
"enor",1893,59.8017,11.91
"enor",1894,59.8014,11.9109
"enor",1895,59.8003,11.9122
"enor",1896,59.8003,11.9133
"enor",1897,59.7996,11.9138
"enor",1898,59.7985,11.9156
"enor",1899,59.7977,11.9186
"enor",1900,59.7972,11.9197
"enor",1901,59.7961,11.9211
"enor",1902,59.7948,11.9244
"enor",1903,59.7939,11.9262
"enor",1904,59.7915,11.927
"enor",1905,59.7903,11.9267
"enor",1906,59.789,11.9268
"enor",1907,59.7885,11.9262
"enor",1908,59.7862,11.9258
"enor",1909,59.7842,11.9261
"enor",1910,59.78,11.9278
"enor",1911,59.7782,11.9292
"enor",1912,59.7759,11.9297
"enor",1913,59.7736,11.9313
"enor",1914,59.7725,11.9312
"enor",1915,59.7717,11.9305
"enor",1916,59.7707,11.9303
"enor",1917,59.77,11.9312
"enor",1918,59.7696,11.932
"enor",1919,59.7687,11.9317
"enor",1920,59.7677,11.9319
"enor",1921,59.7672,11.9325
"enor",1922,59.7647,11.9317
"enor",1923,59.7639,11.9321
"enor",1924,59.7627,11.9304
"enor",1925,59.762,11.929
"enor",1926,59.7604,11.9332
"enor",1927,59.7593,11.9332
"enor",1928,59.7573,11.9319
"enor",1929,59.7531,11.9248
"enor",1930,59.7521,11.9248
"enor",1931,59.7507,11.9226
"enor",1932,59.7494,11.9228
"enor",1933,59.7484,11.9237
"enor",1934,59.7453,11.9256
"enor",1935,59.7421,11.9287
"enor",1936,59.7397,11.9327
"enor",1937,59.7389,11.9336
"enor",1938,59.7376,11.9336
"enor",1939,59.7362,11.9325
"enor",1940,59.735,11.9332
"enor",1941,59.7345,11.9333
"enor",1942,59.7341,11.9326
"enor",1943,59.7332,11.9327
"enor",1944,59.7313,11.9335
"enor",1945,59.7306,11.9333
"enor",1946,59.7302,11.9326
"enor",1947,59.73,11.9329
"enor",1948,59.7296,11.9341
"enor",1949,59.729,11.9368
"enor",1950,59.7281,11.9384
"enor",1951,59.7262,11.9362
"enor",1952,59.7253,11.9367
"enor",1953,59.7243,11.9366
"enor",1954,59.7212,11.9371
"enor",1955,59.7178,11.9367
"enor",1956,59.7169,11.9371
"enor",1957,59.7165,11.9366
"enor",1958,59.7146,11.9361
"enor",1959,59.7132,11.9365
"enor",1960,59.712,11.9357
"enor",1961,59.7117,11.9341
"enor",1962,59.7105,11.9334
"enor",1963,59.7099,11.9354
"enor",1964,59.7095,11.9361
"enor",1965,59.709,11.9364
"enor",1966,59.7087,11.9372
"enor",1967,59.707,11.9376
"enor",1968,59.7067,11.9369
"enor",1969,59.7062,11.9374
"enor",1970,59.7047,11.938
"enor",1971,59.7024,11.9372
"enor",1972,59.7017,11.9376
"enor",1973,59.7003,11.9374
"enor",1974,59.6998,11.9382
"enor",1975,59.6997,11.9392
"enor",1976,59.7,11.9402
"enor",1977,59.7004,11.9427
"enor",1978,59.7006,11.9454
"enor",1979,59.7003,11.946
"enor",1980,59.6996,11.9459
"enor",1981,59.6988,11.945
"enor",1982,59.6982,11.9449
"enor",1983,59.6981,11.9437
"enor",1984,59.6977,11.9424
"enor",1985,59.6956,11.9413
"enor",1986,59.695,11.9405
"enor",1987,59.6946,11.9388
"enor",1988,59.6932,11.8893
"enor",1989,59.6826,11.8782
"enor",1990,59.6724,11.8755
"enor",1991,59.6624,11.8706
"enor",1992,59.6528,11.8629
"enor",1993,59.6488,11.8567
"enor",1994,59.6487,11.8556
"enor",1995,59.6482,11.8549
"enor",1996,59.645,11.8108
"enor",1997,59.6438,11.7898
"enor",1998,59.6429,11.7792
"enor",1999,59.6372,11.7614
"enor",2000,59.6254,11.7208
"enor",2001,59.6219,11.7162
"enor",2002,59.6088,11.6982
"enor",2003,59.5897,11.691
"enor",2004,59.5667,11.702
"enor",2005,59.5111,11.7285
"enor",2006,59.4995,11.7395
"enor",2007,59.4911,11.7468
"enor",2008,59.4792,11.7533
"enor",2009,59.4582,11.7597
"enor",2010,59.4286,11.7608
"enor",2011,59.4142,11.7739
"enor",2012,59.3865,11.7797
"enor",2013,59.3737,11.7922
"enor",2014,59.3711,11.7897
"enor",2015,59.3532,11.8092
"enor",2016,59.3448,11.8161
"enor",2017,59.3118,11.8216
"enor",2018,59.305,11.8203
"enor",2019,59.2982,11.8212
"enor",2020,59.2652,11.8256
"enor",2021,59.2622,11.8268
"enor",2022,59.2495,11.8311
"enor",2023,59.2432,11.8308
"enor",2024,59.2377,11.8257
"enor",2025,59.2318,11.8117
"enor",2026,59.2279,11.8057
"enor",2027,59.225,11.8007
"enor",2028,59.222,11.7977
"enor",2029,59.2186,11.7958
"enor",2030,59.2176,11.794
"enor",2031,59.2117,11.7881
"enor",2032,59.2084,11.784
"enor",2033,59.207,11.783
"enor",2034,59.2061,11.7828
"enor",2035,59.2049,11.7832
"enor",2036,59.2019,11.7824
"enor",2037,59.2012,11.7819
"enor",2038,59.2001,11.7824
"enor",2039,59.1988,11.7836
"enor",2040,59.1977,11.7833
"enor",2041,59.1966,11.7834
"enor",2042,59.1959,11.784
"enor",2043,59.1947,11.7836
"enor",2044,59.1939,11.7821
"enor",2045,59.1879,11.7807
"enor",2046,59.1783,11.7768
"enor",2047,59.1706,11.7749
"enor",2048,59.1668,11.7754
"enor",2049,59.1656,11.7765
"enor",2050,59.1559,11.777
"enor",2051,59.1456,11.7764
"enor",2052,59.1402,11.7778
"enor",2053,59.1361,11.7781
"enor",2054,59.1217,11.7664
"enor",2055,59.1173,11.765
"enor",2056,59.1149,11.7637
"enor",2057,59.1145,11.7665
"enor",2058,59.1135,11.7681
"enor",2059,59.1123,11.7687
"enor",2060,59.1107,11.7701
"enor",2061,59.1027,11.7781
"enor",2062,59.1013,11.7798
"enor",2063,59.1,11.7802
"enor",2064,59.0987,11.78
"enor",2065,59.098,11.7788
"enor",2066,59.0979,11.777
"enor",2067,59.0961,11.7767
"enor",2068,59.0952,11.7762
"enor",2069,59.0941,11.7766
"enor",2070,59.0928,11.7766
"enor",2071,59.0916,11.7771
"enor",2072,59.0873,11.7763
"enor",2073,59.0861,11.7755
"enor",2074,59.0859,11.7734
"enor",2075,59.0855,11.7721
"enor",2076,59.0834,11.7702
"enor",2077,59.0828,11.7692
"enor",2078,59.0816,11.7679
"enor",2079,59.0792,11.7644
"enor",2080,59.0766,11.7611
"enor",2081,59.0748,11.7584
"enor",2082,59.0723,11.7555
"enor",2083,59.0704,11.7525
"enor",2084,59.0683,11.7498
"enor",2085,59.0658,11.7478
"enor",2086,59.0587,11.743
"enor",2087,59.0539,11.7385
"enor",2088,59.0529,11.738
"enor",2089,59.0496,11.7343
"enor",2090,59.0474,11.7308
"enor",2091,59.0451,11.7292
"enor",2092,59.0443,11.7283
"enor",2093,59.0417,11.7239
"enor",2094,59.0397,11.7226
"enor",2095,59.0389,11.7217
"enor",2096,59.0335,11.7104
"enor",2097,59.033,11.7103
"enor",2098,59.0112,11.7034
"enor",2099,59,11.6983
"enor",2100,58.9995,11.6981
"enor",2101,58.9975,11.6956
"enor",2102,58.9967,11.6948
"enor",2103,58.996,11.692
"enor",2104,58.9947,11.6926
"enor",2105,58.9932,11.691
"enor",2106,58.9908,11.6878
"enor",2107,58.9897,11.685
"enor",2108,58.988,11.6843
"enor",2109,58.9869,11.6851
"enor",2110,58.9864,11.69
"enor",2111,58.9852,11.6919
"enor",2112,58.9824,11.6911
"enor",2113,58.9809,11.6923
"enor",2114,58.9792,11.6932
"enor",2115,58.9765,11.6864
"enor",2116,58.9749,11.6861
"enor",2117,58.9737,11.6865
"enor",2118,58.9727,11.6882
"enor",2119,58.9696,11.6866
"enor",2120,58.9541,11.6888
"enor",2121,58.9519,11.683
"enor",2122,58.9497,11.6819
"enor",2123,58.9478,11.6819
"enor",2124,58.9455,11.6791
"enor",2125,58.9437,11.6754
"enor",2126,58.9413,11.6741
"enor",2127,58.9394,11.6741
"enor",2128,58.9357,11.6763
"enor",2129,58.9347,11.6748
"enor",2130,58.9344,11.6644
"enor",2131,58.9335,11.6622
"enor",2132,58.9329,11.6599
"enor",2133,58.9311,11.6585
"enor",2134,58.9284,11.661
"enor",2135,58.9273,11.6605
"enor",2136,58.9271,11.6581
"enor",2137,58.9261,11.6572
"enor",2138,58.9064,11.652
"enor",2139,58.9081,11.6369
"enor",2140,58.9086,11.6301
"enor",2141,58.9063,11.627
"enor",2142,58.9045,11.6234
"enor",2143,58.8923,11.5947
"enor",2144,58.8917,11.5926
"enor",2145,58.8908,11.5914
"enor",2146,58.8921,11.587
"enor",2147,58.8935,11.5865
"enor",2148,58.8943,11.5849
"enor",2149,58.894,11.5829
"enor",2150,58.8967,11.5788
"enor",2151,58.8965,11.577
"enor",2152,58.8957,11.5764
"enor",2153,58.8916,11.5755
"enor",2154,58.8885,11.5728
"enor",2155,58.888,11.5711
"enor",2156,58.89,11.5677
"enor",2157,58.8919,11.5649
"enor",2158,58.8932,11.5637
"enor",2159,58.8938,11.5623
"enor",2160,58.8961,11.5603
"enor",2161,58.8985,11.5532
"enor",2162,58.8978,11.5507
"enor",2163,58.8966,11.5493
"enor",2164,58.8957,11.5489
"enor",2165,58.8951,11.5463
"enor",2166,58.894,11.5454
"enor",2167,58.8927,11.5454
"enor",2168,58.8916,11.5442
"enor",2169,58.8891,11.5425
"enor",2170,58.888,11.5421
"enor",2171,58.8873,11.5395
"enor",2172,58.886,11.5387
"enor",2173,58.8848,11.5346
"enor",2174,58.8816,11.5388
"enor",2175,58.8803,11.5389
"enor",2176,58.8793,11.5383
"enor",2177,58.8779,11.536
"enor",2178,58.8784,11.533
"enor",2179,58.8776,11.5303
"enor",2180,58.8776,11.5253
"enor",2181,58.8779,11.5221
"enor",2182,58.8798,11.5165
"enor",2183,58.8812,11.5165
"enor",2184,58.8813,11.5137
"enor",2185,58.8846,11.5096
"enor",2186,58.8857,11.5053
"enor",2187,58.8889,11.5005
"enor",2188,58.8886,11.4961
"enor",2189,58.8891,11.4917
"enor",2190,58.8906,11.4876
"enor",2191,58.8913,11.4824
"enor",2192,58.8894,11.4603
"enor",2193,58.8882,11.4561
"enor",2194,58.8893,11.4555
"enor",2195,58.8921,11.4567
"enor",2196,58.8947,11.4557
"enor",2197,58.8981,11.4562
"enor",2198,58.9166,11.4562
"enor",2199,58.9332,11.4636
"enor",2200,58.941,11.4621
"enor",2201,58.9421,11.4615
"enor",2202,58.9442,11.4609
"enor",2203,58.9524,11.4596
"enor",2204,58.9697,11.4619
"enor",2205,58.9732,11.462
"enor",2206,58.9807,11.4565
"enor",2207,58.9854,11.4538
"enor",2208,58.9861,11.4564
"enor",2209,58.9879,11.4581
"enor",2210,58.9885,11.4607
"enor",2211,58.9911,11.4645
"enor",2212,58.9996,11.4556
"enor",2213,59,11.4554
"enor",2214,59.0046,11.4511
"enor",2215,59.0132,11.4426
"enor",2216,59.017,11.4392
"enor",2217,59.0335,11.4194
"enor",2218,59.0402,11.4137
"enor",2219,59.0766,11.3897
"enor",2220,59.0808,11.3853
"enor",2221,59.0928,11.3737
"enor",2222,59.0984,11.368
"enor",2223,59.115,11.3393
"enor",2224,59.1112,11.3246
"enor",2225,59.1064,11.3035
"enor",2226,59.1001,11.2904
"enor",2227,59.0994,11.288
"enor",2228,59.099,11.2857
"enor",2229,59.098,11.2737
"enor",2230,59.0975,11.27
"enor",2231,59.0968,11.2619
"enor",2232,59.0964,11.2593
"enor",2233,59.0951,11.2544
"enor",2234,59.0948,11.2526
"enor",2235,59.0921,11.2435
"enor",2236,59.0893,11.2314
"enor",2237,59.0883,11.2284
"enor",2238,59.0876,11.225
"enor",2239,59.0847,11.1992
"enor",2240,59.0821,11.1779
"enor",2241,59.0793,11.1533
"enor",2242,59.0159,11.1172
"enor",2243,59,11.101
"enor",2244,58.9994,11.1005
"enor",2245,58.9928,11.0934
"enor",2246,58.988,11.0849
"enor",2247,58.9782,11.0673
"enor",2248,58.9773,11.0647
"enor",2249,58.9612,10.9868
"enor",2250,58.9576,10.9727
"enor",2251,58.9424,10.9187
"enor",2252,58.9409,10.9108
"enor",2253,58.8922,10.6389
"enor",2254,58.7611,10.5922
"enor",2255,58.5,10.5
"enor",2256,57,7.5
"enor",2257,57,5
"enor",2258,60,0
